-- phpMyAdmin SQL Dump
-- version 5.1.1
-- https://www.phpmyadmin.net/
--
-- Host: 127.0.0.1:3306
-- Tempo de geração: 25-Set-2023 às 17:30
-- Versão do servidor: 8.0.27
-- versão do PHP: 7.4.26

SET SQL_MODE = "NO_AUTO_VALUE_ON_ZERO";
START TRANSACTION;
SET time_zone = "+00:00";


/*!40101 SET @OLD_CHARACTER_SET_CLIENT=@@CHARACTER_SET_CLIENT */;
/*!40101 SET @OLD_CHARACTER_SET_RESULTS=@@CHARACTER_SET_RESULTS */;
/*!40101 SET @OLD_COLLATION_CONNECTION=@@COLLATION_CONNECTION */;
/*!40101 SET NAMES utf8mb4 */;

--
-- Banco de dados: `greenbox_db`
--
CREATE DATABASE IF NOT EXISTS `greenbox_db` DEFAULT CHARACTER SET utf8 COLLATE utf8_unicode_ci;
USE `greenbox_db`;

-- --------------------------------------------------------

--
-- Estrutura da tabela `categoria`
--

DROP TABLE IF EXISTS `categoria`;
CREATE TABLE IF NOT EXISTS `categoria` (
  `id` int NOT NULL,
  `nome_categoria` varchar(256) COLLATE utf8_unicode_ci NOT NULL,
  PRIMARY KEY (`id`)
) ENGINE=MyISAM DEFAULT CHARSET=utf8mb3 COLLATE=utf8_unicode_ci;

-- --------------------------------------------------------

--
-- Estrutura da tabela `fotos`
--

DROP TABLE IF EXISTS `fotos`;
CREATE TABLE IF NOT EXISTS `fotos` (
  `id` int NOT NULL AUTO_INCREMENT,
  `id_noticia` int NOT NULL,
  `foto` varchar(256) COLLATE utf8_unicode_ci NOT NULL,
  `legenda` varchar(256) COLLATE utf8_unicode_ci NOT NULL,
  PRIMARY KEY (`id`)
) ENGINE=MyISAM AUTO_INCREMENT=19 DEFAULT CHARSET=utf8mb3 COLLATE=utf8_unicode_ci;

--
-- Extraindo dados da tabela `fotos`
--

INSERT INTO `fotos` (`id`, `id_noticia`, `foto`, `legenda`) VALUES
(1, 13, 'qrcode_suap.ifpr.edu.br.png', 'teste'),
(2, 14, '', 'teste'),
(3, 15, '', 'teste'),
(4, 16, '', 'teste'),
(5, 17, 'Desktop - 6.png', 'teste'),
(13, 37, 'qrcode_ifpr.edu.br.png', 'Arquivo editado'),
(8, 32, 'Frame 3.png', 'asadasd'),
(11, 35, 'Captura de tela 2023-05-04 140710.png', 'asadasd'),
(14, 38, 'download.jpeg', 'legumes'),
(15, 39, 'image_650c40b10eb621.40583918.webp', 'João da SIlva'),
(17, 41, '1_3ctNVKhTJqfiOSwpGc4q1A.webp', 'Nossa Empresa'),
(18, 42, '1_3ctNVKhTJqfiOSwpGc4q1A.webp', 'Nossa Empresa');

-- --------------------------------------------------------

--
-- Estrutura da tabela `lote`
--

DROP TABLE IF EXISTS `lote`;
CREATE TABLE IF NOT EXISTS `lote` (
  `id` int NOT NULL,
  `id_propriedades` int NOT NULL,
  `tipo_solo` varchar(256) COLLATE utf8_unicode_ci NOT NULL,
  `tipo_producao` varchar(256) COLLATE utf8_unicode_ci NOT NULL,
  `data_plantio` date NOT NULL,
  `data_colheita` date NOT NULL,
  `tipo_adubagem` varchar(256) COLLATE utf8_unicode_ci NOT NULL,
  PRIMARY KEY (`id`)
) ENGINE=MyISAM DEFAULT CHARSET=utf8mb3 COLLATE=utf8_unicode_ci;

-- --------------------------------------------------------

--
-- Estrutura da tabela `noticias`
--

DROP TABLE IF EXISTS `noticias`;
CREATE TABLE IF NOT EXISTS `noticias` (
  `id` int NOT NULL AUTO_INCREMENT,
  `titulo` varchar(256) COLLATE utf8_unicode_ci NOT NULL,
  `texto` blob NOT NULL,
  `tipo` varchar(256) COLLATE utf8_unicode_ci NOT NULL,
  PRIMARY KEY (`id`)
) ENGINE=MyISAM AUTO_INCREMENT=43 DEFAULT CHARSET=utf8mb3 COLLATE=utf8_unicode_ci;

--
-- Extraindo dados da tabela `noticias`
--

INSERT INTO `noticias` (`id`, `titulo`, `texto`, `tipo`) VALUES
(13, 'teste', 0x7465737465, 'noticia'),
(14, 'teste', 0x7465737465, 'noticia'),
(15, 'teste', 0x7465737465, 'noticia'),
(16, 'teste', 0x7465737465, 'noticia'),
(17, 'teste', 0x7465737465, 'noticia'),
(37, 'Arquivo editado', 0x4172717569766f206564697461646f, 'noticia'),
(39, 'MDB de Pitanga define executiva e passos para eleição de 2024', 0x4f204d444220646520506974616e6761207265616c697a6f75206e61206e6f6974652064612073657874612d66656972612c20313520646520736574656d62726f2c20756d61207265756e69c3a36f2070617261206120656c6569c3a7c3a36f20646f206e6f766f206469726574c3b372696f206520646566696e69c3a7c3a36f20646120657865637574697661206461206c6567656e64612e204f206576656e746f20636f6e746f7520636f6d206120706172746963697061c3a7c3a36f206465206c69646572616ec3a761732065737461647561697320636f6d6f206f2065782d676f7665726e61646f72204f726c616e646f20506573737574693b206f20766963652d707265736964656e746520657374616475616c2065207375706572696e74656e64656e746520646f20476f7665726e6f20646f2045737461646f2c2052656e61746f20416475723b206f20766963652d707265666569746f204361726c6f73204272616e64616c6973653b2061207665726561646f7261204d61726c656e6520536f61726573204d756e686f7a3b207665726561646f72657320652065782d7665726561646f72657320646520506974616e67612065206465206f7574726f73206d756e6963c3ad70696f732064612072656769c3a36f2c20616cc3a96d206465206c69646572616ec3a7617320706f6cc3ad74696361732064612072656769c3a36f2e0d0a0d0a4f20707265736964656e746520646f207061727469646f2c20416e74c3b46e696f204175677573746f204c6f7065732c2072657373616c7461207175652c206e6f7320c3ba6c74696d6f73206d657365732c20756d20677275706f20706f6cc3ad7469636f2074656d20666569746f20756d2074726162616c686f206465207265657374727574757261c3a7c3a36f20646f204d444220646520506974616e67612065206275736361646f20726573676174617220612068697374c3b372696120646f207061727469646f206e6f206d756e6963c3ad70696f2c207175652073656d70726520666f69206d7569746f20617469766f20656d20746f64617320617320656c6569c3a7c3b565732e20e2809c50726f637572616d6f732064617220756d61206f786967656e6164612c207472617a656e646f20706573736f6173206e6f7661732c206c69646572616ec3a7617320636f6d20756d2070656e73616d656e746f20646520736f6d617220652074656d6f73206120706f73736962696c696461646520646520706172746963697061722061746976616d656e7465206461207072c3b378696d6120656c6569c3a7c3a36f206d756e69636970616c2064652032303234e2809d2c206672697361204c6f7065732e0d0a0d0a456e747265206173206c69646572616ec3a761732071756520657374c3a36f20696e6772657373616e646f206e61732066696c6569726173206461206c6567656e646120657374c3a1206f20616772c3b46e6f6d6f2056616c64656d6972206465205061756c6120426172626f73612c206f204d69726f2c20676572656e746520646120436f616d6f20646520506974616e67613b20612070726f7072696574c3a17269612064612052c3a164696f20506974616e67612c204f7361696e612043616574616e6f206465204f6c6976656972612c2061205a6169613b206f73206c6f6375746f726573205061756c6f20576f6c662065204c75697a204d6174746f732064612052c3a164696f20506f656d612c20656e747265206f7574726173206c69646572616ec3a761732e20e2809c4573736520c3a920756d20677275706f20696d706f7274616e7465206465206c69646572616ec3a761732071756520657374c3a12076696e646f20736f6d617220616f207061727469646fe2809d2c2066726973612e0d0a0d0a4c6f70657320636f6d656e746120717565206f207061727469646f2074656d20636572636120646520312e3630302066696c6961646f732065206f73206e6f766f7320696e74656772616e7465732074656d20736520636f6c6f6361646f20c3a020646973706f7369c3a7c3a36f207061726120616a7564617220656d20756d2074726162616c686f20646520666f7274616c6563696d656e746f206461206c6567656e646120656d20506974616e67612e20e2809c54656d6f7320756d61207065727370656374697661206520756d2063616d696e686f20652c20612070617274697220646573746120636f6e76656ec3a7c3a36f2c2076616d6f732074726162616c686172207061726120717565206f207061727469646f2074656e68612063616e64696461746f207072c3b37072696f206120707265666569746f206e617320656c6569c3a7c3b5657320646f20616e6f207175652076656de2809d2c2064657374616361206f20707265736964656e746520646f207061727469646f2e20416cc3a96d2064656c65207072c3b37072696f2c206f204d44422074656d206f7574726f7320646f6973206e6f6d65732071756520736520636f6c6f636172616d20c3a020646973706f7369c3a7c3a36f2070617261206f20706c6569746f20656c6569746f72616c2c206f206167726f70656375617269737461204c75697a204361726c6f732050657472656368656e2065206f2072616469616c69737461204c75697a204d6174746f732e20e2809c54616d62c3a96d20746572656d6f7320756d6120636861706120666f7274652064652063616e64696461746f732061207665726561646f72206520657374616d6f7320707265706172616e646f206f207061727469646f2070617261206120656c6569c3a7c3a36fe2809d2c206672697361206f20707265736964656e7465206461206c6567656e64612e0d0a0d0a4170657361722064652074657220746f64617320617320636f6e6469c3a7c3b565732070617261206c616ec3a7617220756d6120636861706120e2809c7075726f2073616e677565e2809d2c204c6f706573206ec3a36f206465736361727461206120636f6d706f7369c3a7c3a36f20636f6d206f7574726f73207061727469646f732065206c69646572616ec3a7617320706f6cc3ad74696361732e20e2809c4120706f6cc3ad7469636120686f6a652074656d2071756520736572206d7569746f2070726f66697373696f6e616c2065206f7320706173736f7320717565206972656d6f732064617220707265636973616d2073657220636c61726f733b2074656d6f7320756d20677275706f20666f7274616c656369646f2c20636f6d206e6f6d6573207669c3a1766569732070617261207465726d6f732063616e64696461746f206120707265666569746f2c206d6173206ec3a36f20696d706564652064652065737461726d6f73206a756e746f20636f6d206f7574726f73207061727469646f73207175652074656e68616d206173206d65736d6173206964656961732c20706f6973206f206e6f73736f2070656e73616d656e746f20c3a920616a75646172206e6f20646573656e766f6c76696d656e746f20646520506974616e6761e2809d2c2073616c69656e74612e, 'noticia'),
(32, 'teste', 0x6173646164, 'noticia'),
(38, 'Legumes frescos', 0x4c6f72656d2c20697073756d20646f6c6f722073697420616d657420636f6e7365637465747572206164697069736963696e6720656c69742e2042656174616520646f6c6f726962757320697573746f2c20636f6e7365717561747572206573742c2073656420616e696d692c2061737065726e6174757220696c6c6f20667567696174207175692071756f206970736120636f7272757074692063756c706120736974206c617564616e7469756d2071756973206e6f6e2071756173207072616573656e7469756d20646f6c6f72656d71756521, 'noticia'),
(35, 'teste', 0x6173646164, 'noticia'),
(41, 'MODELO DE TEXTO INSTITUCIONAL (QUEM SOMOS): MISSÃO, VISÃO E VALORES', 0x506172612063726961c3a7c3a36f20646f20746578746f20696e737469747563696f6e616c2c2074616d62c3a96d20636f6e68656369646f20636f6d6f20e2809c5175656d20536f6d6f73e2809d202871756520636f6e74c3a96d2061204d697373c3a36f2c20566973c3a36f20652056616c6f72657320646f20736575206e6567c3b363696f292c20c3a9206e6563657373c3a172696f2071756520736520726573706f6e646120616c67756d6173207175657374c3b5657320736f627265206120656d70726573612c20646520666f726d61207175652074616e746f206f732066756e63696f6ec3a172696f73207175616e746f206f7320636c69656e7465732074656e68616d20636f6e686563696d656e746f20736f627265206f73206f626a657469766f7320646f206e6567c3b363696f206e6f206d65726361646f2065206e6f206d756e646f2e0d0a0d0a4573736520746578746f20c3a920696e64697370656e73c3a176656c206ec3a36f2073c3b32070617261206f2073697465206d61732074616d62c3a96d207061726120746f646120612063756c7475726120646120656d70726573612c20636f6e74616e646f207375612068697374c3b37269612c207375617320636f6e71756973746173206520737561204d565620286d697373c3a36f2c20766973c3a36f20652076616c6f726573292e20526573756d696e646f2c206f20746578746f20e2809c5175656d20536f6d6f73e2809d20c3a920756d61206170726573656e7461c3a7c3a36f2064652073756120656d7072657361206520706f72206973736f207072656369736120736572206d7569746f2062656d20656c61626f7261646f206520636f6d706c65746f2e0d0a0d0a4c656961206f2061727469676f207072696e636970616c3a204d697373c3a36f2c20566973c3a36f20652056616c6f7265733a207175616c206120696d706f7274c3a26e63696120646573736520746578746f207061726120736575206e6567c3b363696f3f0d0a0d0a4c6569612074616d62c3a96d206f206e6f73736f20746578746f20696e737469747563696f6e616c3a204d6163726f204167656e637920e28094205175656d20536f6d6f730d0a0d0a436f6d706f7369c3a7c3a36f0d0a48697374c3b37269610d0a4e657374612070617274652c20766f63c3aa20636f6e746172c3a120736f62726520612063726961c3a7c3a36f20652070726f67726573736f20646120656d70726573612c206174c3a9206f732064696173206174756169732e0d0a0d0a45783a2066756e6461646120656d20313930302c20657374616d6f73206e6f206d65726361646f206465205b7365676d656e746f5d2068c3a120585820616e6f73e280a60d0a0d0a4469666572656e63696169730d0a4f207175652073756120656d7072657361206f666572656365206465206469666572656e6369616c2e2045783a206e6f206174656e64696d656e746f2c206e6f732070726f6475746f732065207365727669c3a76f732c206e6120656e74726567612c206e6f20706167616d656e746f2e0d0a0d0a53656a612062726576652c20636c61726f206520737563696e746f207175616e746f20c3a073206361726163746572c3ad73746963617320717565206469666572656e6369616d20736575206e6567c3b363696f20646f7320636f6e636f7272656e7465732e0d0a0d0a4d697373c3a36f0d0a526573706f6e646520c3a0732070657267756e746173206d6169732066756e64616d656e7461697320646520746f6461733a0d0a0d0a506f727175652073756120656d7072657361206578697374653f0d0a5175616c207365752070726f70c3b37369746f206d61696f723f0d0a4f207175652073756120656d70726573612066617a3f0d0a50617261207175656d20656c612066617a3f2041207175656d20656c612073652064657374696e613f0d0a4578656d706c6f3a204d697373c3a36f20646f20476f6f676c653a204f7267616e697a6172206120696e666f726d61c3a7c3a36f206d756e6469616c207061726120746f726ec3a12d6c6120756e6976657273616c6d656e7465206163657373c3ad76656c206520c3ba74696c2e0d0a0d0a41206d697373c3a36f207072656369736120736572206f726967696e616c206520726570726573656e746172206120706572736f6e616c696461646520646120737561206d617263612c2066617a65722073656e7469646f2061206c6f6e676f207072617a6f206520736572206d656d6f72c3a176656c2e0d0a0d0a5175616e746f206d6169732073696d706c65732065206f626a65746976612c206d656c686f722e0d0a0d0a566973c3a36f0d0ac38920696d706f7274616e7465206573746162656c656365722061207065727370656374697661206465206c6f6e676f207072617a6f2e20496e7370697261206f2071756520736520616c6d656a612070617261206f2066757475726f20646120656d70726573612e0d0a0d0ac38920756d612064617320706172746573206d61697320696d706f7274616e7465732c20706f6973206f206f626a657469766f207072696e636970616c20c3a920637269617220756d612069646569612064652066757475726f20646f20736575206e6567c3b363696f20e28094206d65736d6f206f626a657469766f206465737461206d656e746f7269612e0d0a0d0a4578656d706c6f3a20566973c3a36f206461204e696b653a20416a75646172206120656d7072657361204e696b652065206e6f73736f7320636f6e73756d69646f72657320612070726f737065726172656d20656d20756d612065636f6e6f6d69612073757374656e74c3a176656c206f6e646520706573736f61732c206c7563726f73206520706c616e6574617320657374c3a36f20656d20657175696cc3ad6272696f2e0d0a0d0a4f7574726f206578656d706c6f3a20566973c3a36f20646120556e696c657665723a204e6f73736120766973c3a36f20c3a92061756d656e746172206e6f73736f73206e6567c3b363696f732c20656e7175616e746f206465736173736f6369616d6f73206f206372657363696d656e746f2064612070656761646120616d6269656e74616c20652061756d656e74616d6f73206f20696d706163746f20736f6369616c20706f73697469766f2e0d0a0d0a556d6120766973c3a36f20717565206661c3a7612073656e7469646f20707265636973612076697375616c697a61722061207369747561c3a7c3a36f20646120656d707265736120656d203520616e6f732c207365722065736372697461206e6f2066757475726f2c206d6f737472617220612064697265c3a7c3a36f20612073657220736567756964612c2073657220616d626963696f73612065206f75736164612065206d6f7374726172207175616c206f20696d706163746f2071756520657373612064697265c3a7c3a36f206972c3a120636175736172206e6f206d756e646f2e0d0a0d0a56616c6f7265730d0a4d697373c3a36f206520766973c3a36f2073c3a36f20617320726f746173206465206578656375c3a7c3a36f20646f20706c616e656a616d656e746f20657374726174c3a96769636f20646f20736575206e6567c3b363696f2e0d0a0d0a4f732076616c6f72657320677569616d2073756120636f6e64757461206e657373652070726f636573736f2e0d0a446576656d207265666c65746972207072696e63c3ad70696f7320c3a97469636f732065206d6f726169732c20756e696e646f206f20706c616e6f20706573736f616c20616f20706c616e6f20656d70726573617269616c2e0d0a53c3a36f207072696e63c3ad70696f7320696e65676f6369c3a1766569732071756520646974616d20636f6d706f7274616d656e746f732065206174697475646573206e6f2066756e63696f6e616d656e746f20646520746f6461206120657374727574757261206f7267616e697a6163696f6e616c2e0d0a536520766f63c3aa2061636f72646173736520616d616e68c3a32065206f2064696e686569726f206ec3a36f20666f737365206d61697320756d61206e656365737369646164652070726f20726573746f2064612073756120766964612c20636f6d6f20766f63c3aa207365206d616e7465726961206669726d6520612065737365732076616c6f7265733f0d0a0d0a456c65732061696e64612066617269616d2073656e7469646f2070726120766f63c3aa206f752070726f20736575206e6567c3b363696f3f2045737365732076616c6f72657320736572c3a36f2076c3a16c69646f7320706172612064617175692068c3a12031303020616e6f733f0d0a0d0a4d65736d6f2071756520656d20616c67756d206d6f6d656e746f20656c657320736520746f726e656d20756d612064657376616e746167656d20636f6d7065746974697661206f752071756520766f63c3aa20696e69636961737365206f7574726120656d707265736120656d206f7574726f207365676d656e746f2c20766f63c3aa20636f6e73747275697269612065737361206e6f766120656d70726573612062617365616461206e65737365732076616c6f7265733f0d0a0d0a4c697374612064652056616c6f726573206465204578656d706c6f0d0a526573706f6e736162696c69646164650d0a457175696cc3ad6272696f0d0a436f6d70726f6d6973736f0d0a436f6d756e69646164650d0a44697665727369646164650d0a456d706f646572616d656e746f0d0a496e6f7661c3a7c3a36f0d0a496e7465677269646164650d0a50726f70726965646164650d0a5365677572616ec3a7610d0a496e7465677269646164650d0a48756d696c646164650d0a486f6e65737469646164650d0a526573706569746f0d0a436f6e6669616ec3a7610d0a456d70617469610d0a466f636f0d0a436f6d70726f6d6574696d656e746f0d0a50616978c3a36f2070656c6f2074726162616c686f0d0a4672617365730d0a4672617365732066616c6164617320706f722066616d6f736f73206f7520706f722064697265746f72657320646120656d70726573612c207175652073696e746574697a616d206120636f6e736369c3aa6e636961206520666f726d612064652074726162616c6861722e0d0a0d0a4173206672617365732073696e746574697a616d20756d61206772616e64652066696c6f736f66696120652070656e73616d656e746f2e20556d6120667261736520646520696d706163746f20287072c3b370726961206f7520646520746572636569726f732920706f646520656e666174697a6172207475646f206f2071756520736520646573656a61207472616e736d6974697220652066756e64616d656e74612061732062617365732064612066696c6f736f666961206461207072c3b370726961206d617263612e0d0a0d0a4578656d706c6f3a20e2809c4120756e69c3a36f2066617a206120666f72c3a761e2809d20e280942045736f706f, 'quemsomos');

-- --------------------------------------------------------

--
-- Estrutura da tabela `produtos`
--

DROP TABLE IF EXISTS `produtos`;
CREATE TABLE IF NOT EXISTS `produtos` (
  `id` int NOT NULL,
  `id_categoria` int NOT NULL,
  `id_lote` int NOT NULL,
  `nome_produto` varchar(256) COLLATE utf8_unicode_ci NOT NULL,
  `preco` float NOT NULL,
  `descricao` blob NOT NULL,
  `unidade_medida` varchar(256) COLLATE utf8_unicode_ci NOT NULL,
  `quantidade` float NOT NULL,
  PRIMARY KEY (`id`),
  KEY `id` (`id`),
  KEY `id_2` (`id`)
) ENGINE=MyISAM DEFAULT CHARSET=utf8mb3 COLLATE=utf8_unicode_ci;

-- --------------------------------------------------------

--
-- Estrutura da tabela `propriedades`
--

DROP TABLE IF EXISTS `propriedades`;
CREATE TABLE IF NOT EXISTS `propriedades` (
  `id` int NOT NULL,
  `nome` varchar(256) COLLATE utf8_unicode_ci NOT NULL,
  `endereco` varchar(256) COLLATE utf8_unicode_ci NOT NULL,
  `telefone` varchar(256) COLLATE utf8_unicode_ci NOT NULL,
  `proprietários` varchar(256) COLLATE utf8_unicode_ci NOT NULL,
  `certificacao` varchar(256) COLLATE utf8_unicode_ci NOT NULL,
  PRIMARY KEY (`id`)
) ENGINE=MyISAM DEFAULT CHARSET=utf8mb3 COLLATE=utf8_unicode_ci;

-- --------------------------------------------------------

--
-- Estrutura da tabela `usuarios`
--

DROP TABLE IF EXISTS `usuarios`;
CREATE TABLE IF NOT EXISTS `usuarios` (
  `id` int NOT NULL AUTO_INCREMENT,
  `nome` varchar(256) COLLATE utf8_unicode_ci NOT NULL,
  `email` varchar(256) COLLATE utf8_unicode_ci NOT NULL,
  `senha` varchar(256) COLLATE utf8_unicode_ci NOT NULL,
  PRIMARY KEY (`id`)
) ENGINE=MyISAM AUTO_INCREMENT=11 DEFAULT CHARSET=utf8mb3 COLLATE=utf8_unicode_ci;

--
-- Extraindo dados da tabela `usuarios`
--

INSERT INTO `usuarios` (`id`, `nome`, `email`, `senha`) VALUES
(1, 'Onivaldo Flores Junior', 'onivaldo.junior@ifpr.edu.br', '123456'),
(3, 'teste1', 'teste1', 'teste1'),
(10, 'Onivaldo teste', 'onivaldo.junior@ifpr.edu.br1234', '123456'),
(6, 'testeabc', 'testeabc', '123456');
COMMIT;

/*!40101 SET CHARACTER_SET_CLIENT=@OLD_CHARACTER_SET_CLIENT */;
/*!40101 SET CHARACTER_SET_RESULTS=@OLD_CHARACTER_SET_RESULTS */;
/*!40101 SET COLLATION_CONNECTION=@OLD_COLLATION_CONNECTION */;
